{
    "picture1.jpg": {
        "width": 5568,
        "height": 3712,
        "size10000": 2066.8416,
        "aspect_ratio": 1.5
    },
    "picture10.jpg": {
        "width": 646,
        "height": 363,
        "size10000": 23.4498,
        "aspect_ratio": 1.7796143250688705
    },
    "picture100.jpg": {
        "width": 743,
        "height": 1200,
        "size10000": 89.16,
        "aspect_ratio": 0.6191666666666666
    },
    "picture11.jpg": {
        "width": 1200,
        "height": 923,
        "size10000": 110.76,
        "aspect_ratio": 1.3001083423618636
    },
    "picture127.jpg": {
        "width": 3592,
        "height": 2395,
        "size10000": 860.284,
        "aspect_ratio": 1.4997912317327766
    },
    "picture128.jpg": {
        "width": 3000,
        "height": 2000,
        "size10000": 600.0,
        "aspect_ratio": 1.5
    },
    "picture129.jpg": {
        "width": 1773,
        "height": 1309,
        "size10000": 232.0857,
        "aspect_ratio": 1.3544690603514133
    },
    "picture130.jpg": {
        "width": 1170,
        "height": 687,
        "size10000": 80.379,
        "aspect_ratio": 1.703056768558952
    },
    "picture131.jpg": {
        "width": 3592,
        "height": 2694,
        "size10000": 967.6848,
        "aspect_ratio": 1.3333333333333333
    },
    "picture133.jpg": {
        "width": 2835,
        "height": 2111,
        "size10000": 598.4685,
        "aspect_ratio": 1.3429654192325913
    },
    "picture136.jpg": {
        "width": 3592,
        "height": 2694,
        "size10000": 967.6848,
        "aspect_ratio": 1.3333333333333333
    },
    "picture137.jpg": {
        "width": 3592,
        "height": 2694,
        "size10000": 967.6848,
        "aspect_ratio": 1.3333333333333333
    },
    "picture1374.jpg": {
        "width": 1200,
        "height": 807,
        "size10000": 96.84,
        "aspect_ratio": 1.486988847583643
    },
    "picture1376.jpg": {
        "width": 1200,
        "height": 794,
        "size10000": 95.28,
        "aspect_ratio": 1.5113350125944585
    },
    "picture1423.jpg": {
        "width": 4724,
        "height": 2965,
        "size10000": 1400.666,
        "aspect_ratio": 1.5932546374367622
    },
    "picture1450.jpg": {
        "width": 2400,
        "height": 1600,
        "size10000": 384.0,
        "aspect_ratio": 1.5
    },
    "picture1491.jpg": {
        "width": 3592,
        "height": 2395,
        "size10000": 860.284,
        "aspect_ratio": 1.4997912317327766
    },
    "picture1494.jpg": {
        "width": 1200,
        "height": 953,
        "size10000": 114.36,
        "aspect_ratio": 1.2591815320041972
    },
    "picture1508.jpg": {
        "width": 2033,
        "height": 1055,
        "size10000": 214.4815,
        "aspect_ratio": 1.9270142180094787
    },
    "picture1550.jpg": {
        "width": 1500,
        "height": 1000,
        "size10000": 150.0,
        "aspect_ratio": 1.5
    },
    "picture1567.jpg": {
        "width": 3175,
        "height": 2325,
        "size10000": 738.1875,
        "aspect_ratio": 1.3655913978494623
    },
    "picture1588.jpg": {
        "width": 3592,
        "height": 2021,
        "size10000": 725.9432,
        "aspect_ratio": 1.7773379515091539
    },
    "picture16.jpg": {
        "width": 3071,
        "height": 1961,
        "size10000": 602.2231,
        "aspect_ratio": 1.5660377358490567
    },
    "picture1638.jpg": {
        "width": 1114,
        "height": 1200,
        "size10000": 133.68,
        "aspect_ratio": 0.9283333333333333
    },
    "picture1639.jpg": {
        "width": 3592,
        "height": 2694,
        "size10000": 967.6848,
        "aspect_ratio": 1.3333333333333333
    },
    "picture166.jpg": {
        "width": 3592,
        "height": 2694,
        "size10000": 967.6848,
        "aspect_ratio": 1.3333333333333333
    },
    "picture167.jpg": {
        "width": 2032,
        "height": 1126,
        "size10000": 228.8032,
        "aspect_ratio": 1.8046181172291296
    },
    "picture1681.jpg": {
        "width": 1512,
        "height": 1417,
        "size10000": 214.2504,
        "aspect_ratio": 1.067043048694425
    },
    "picture1702.jpg": {
        "width": 1077,
        "height": 727,
        "size10000": 78.2979,
        "aspect_ratio": 1.4814305364511693
    },
    "picture1743.jpg": {
        "width": 1200,
        "height": 923,
        "size10000": 110.76,
        "aspect_ratio": 1.3001083423618636
    },
    "picture1755.jpg": {
        "width": 2048,
        "height": 2048,
        "size10000": 419.4304,
        "aspect_ratio": 1.0
    },
    "picture183.jpg": {
        "width": 1536,
        "height": 2048,
        "size10000": 314.5728,
        "aspect_ratio": 0.75
    },
    "picture186.jpg": {
        "width": 732,
        "height": 509,
        "size10000": 37.2588,
        "aspect_ratio": 1.4381139489194499
    },
    "picture187.jpg": {
        "width": 7326,
        "height": 4884,
        "size10000": 3578.0184,
        "aspect_ratio": 1.5
    },
    "picture188.jpg": {
        "width": 732,
        "height": 545,
        "size10000": 39.894,
        "aspect_ratio": 1.343119266055046
    },
    "picture189.jpg": {
        "width": 3592,
        "height": 2394,
        "size10000": 859.9248,
        "aspect_ratio": 1.5004177109440267
    },
    "picture19.jpg": {
        "width": 4032,
        "height": 3024,
        "size10000": 1219.2768,
        "aspect_ratio": 1.3333333333333333
    },
    "picture191.jpg": {
        "width": 2500,
        "height": 1663,
        "size10000": 415.75,
        "aspect_ratio": 1.503307276007216
    },
    "picture192.jpg": {
        "width": 3000,
        "height": 1996,
        "size10000": 598.8,
        "aspect_ratio": 1.503006012024048
    },
    "picture2.jpg": {
        "width": 2032,
        "height": 1236,
        "size10000": 251.1552,
        "aspect_ratio": 1.6440129449838188
    },
    "picture204.jpg": {
        "width": 1200,
        "height": 774,
        "size10000": 92.88,
        "aspect_ratio": 1.550387596899225
    },
    "picture206.jpg": {
        "width": 3592,
        "height": 2388,
        "size10000": 857.7696,
        "aspect_ratio": 1.5041876046901173
    },
    "picture209.jpg": {
        "width": 1200,
        "height": 778,
        "size10000": 93.36,
        "aspect_ratio": 1.5424164524421593
    },
    "picture215.jpg": {
        "width": 4485,
        "height": 2984,
        "size10000": 1338.324,
        "aspect_ratio": 1.5030160857908847
    },
    "picture216.jpg": {
        "width": 3000,
        "height": 1999,
        "size10000": 599.7,
        "aspect_ratio": 1.5007503751875937
    },
    "picture22.jpg": {
        "width": 4032,
        "height": 3024,
        "size10000": 1219.2768,
        "aspect_ratio": 1.3333333333333333
    },
    "picture224.jpg": {
        "width": 3592,
        "height": 2398,
        "size10000": 861.3616,
        "aspect_ratio": 1.4979149291075897
    },
    "picture23.jpg": {
        "width": 1252,
        "height": 872,
        "size10000": 109.1744,
        "aspect_ratio": 1.4357798165137614
    },
    "picture24.jpg": {
        "width": 732,
        "height": 1017,
        "size10000": 74.4444,
        "aspect_ratio": 0.7197640117994101
    },
    "picture25.jpg": {
        "width": 3592,
        "height": 2394,
        "size10000": 859.9248,
        "aspect_ratio": 1.5004177109440267
    },
    "picture27.jpg": {
        "width": 1200,
        "height": 1012,
        "size10000": 121.44,
        "aspect_ratio": 1.1857707509881423
    },
    "picture3.jpg": {
        "width": 3592,
        "height": 2395,
        "size10000": 860.284,
        "aspect_ratio": 1.4997912317327766
    },
    "picture30.jpg": {
        "width": 1280,
        "height": 960,
        "size10000": 122.88,
        "aspect_ratio": 1.3333333333333333
    },
    "picture306.jpg": {
        "width": 3000,
        "height": 2000,
        "size10000": 600.0,