{
    "0": {
        "accuracy": 0.9846158854166667,
        "precision": 0.9965156794425087,
        "recall": 0.9820115269464471,
        "f1_score": 0.9892104398012859,
        "iou": 0.9786512235116614
    },
    "1": {
        "accuracy": 0.23963412466538692,
        "precision": 1.0,
        "recall": 0.014513202983269502,
        "f1_score": 0.02861116630240413,
        "iou": 0.014513202983269502
    },
    "2": {
        "accuracy": 0.4361543655395508,
        "precision": 0.7942857142857143,
        "recall": 0.050176419498425794,
        "f1_score": 0.09439005399333698,
        "iou": 0.04953272530463952
    },
    "3": {
        "accuracy": 0.2317931004824022,
        "precision": 1.0,
        "recall": 0.021429733091293614,
        "f1_score": 0.04196026882130768,
        "iou": 0.021429733091293614
    },
    "4": {
        "accuracy": 0.12202236266407389,
        "precision": 0,
        "recall": 0.0,
        "f1_score": 0,
        "iou": 0.0
    },
    "5": {
        "accuracy": 0.8151444444444444,
        "precision": 0.8266666666666667,
        "recall": 0.9770797962648556,
        "f1_score": 0.8956018097275995,
        "iou": 0.8109410334208343
    },
    "6": {
        "accuracy": 0.9858889622496757,
        "precision": 0.9871959026888605,
        "recall": 0.9893892519466073,
        "f1_score": 0.988291360375232,
        "iou": 0.9768537320604268
    },
    "7": {
        "accuracy": 0.9505676193433644,
        "precision": 0.9595278308392398,
        "recall": 0.9804336821204421,
        "f1_score": 0.9698681113023795,
        "iou": 0.9414989691548801
    },
    "8": {
        "accuracy": 0.39848192035210495,
        "precision": 0,
        "recall": 0.0,
        "f1_score": 0,
        "iou": 0.0
    },
    "9": {
        "accuracy": 0.5655994558131625,
        "precision": 1.0,
        "recall": 0.3242870999030068,
        "f1_score": 0.48975346800064457,
        "iou": 0.3242870999030068
    },
    "10": {
        "accuracy": 0.7065986835905993,
        "precision": 1.0,
        "recall": 0.4985532931363295,
        "f1_score": 0.6653794635396715,
        "iou": 0.4985532931363295
    },
    "11": {
        "accuracy": 0.22387809684684684,
        "precision": 0.8034188034188035,
        "recall": 0.02097345385483157,
        "f1_score": 0.0408797318289592,
        "iou": 0.02086637175527919
    },
    "12": {
        "accuracy": 0.8358550401859204,
        "precision": 0.8592085235920852,
        "recall": 0.7773258873169521,
        "f1_score": 0.8162187406991576,
        "iou": 0.6895013198479147
    },
    "13": {
        "accuracy": 0.8127854900800628,
        "precision": 0,
        "recall": 0.0,
        "f1_score": 0,
        "iou": 0.0
    },
    "14": {
        "accuracy": 0.31746334530221426,
        "precision": 0,
        "recall": 0.0,
        "f1_score": 0,
        "iou": 0.0
    },
    "15": {
        "accuracy": 0.9167929710464433,
        "precision": 0.933288409703504,
        "recall": 0.9105485232067511,
        "f1_score": 0.921778241897127,
        "iou": 0.8549059921764073
    },
    "16": {
        "accuracy": 0.557514423878606,
        "precision": 1.0,
        "recall": 0.14298715894997932,
        "f1_score": 0.25019906449576634,
        "iou": 0.14298715894997932
    },
    "17": {
        "accuracy": 0.6083494566156386,
        "precision": 0.90754877014419,
        "recall": 0.5491826721620777,
        "f1_score": 0.6842854409953846,
        "iou": 0.5200865463653991
    },
    "18": {
        "accuracy": 0.27138823579932797,
        "precision": 0,
        "recall": 0.0,
        "f1_score": 0,
        "iou": 0.0
    },
    "19": {
        "accuracy": 0.522085,
        "precision": 0.580302072512342,
        "recall": 0.7062415196743554,
        "f1_score": 0.6371077047839685,
        "iou": 0.4674673905049708
    },
    "20": {
        "accuracy": 0.23008766666666666,
        "precision": 1.0,
        "recall": 0.11834022963935628,
        "f1_score": 0.21163546924806376,
        "iou": 0.11834022963935628
    },
    "21": {
        "accuracy": 0.9833260325406759,
        "precision": 1.0,
        "recall": 0.9283592122067621,
        "f1_score": 0.9628488368039821,
        "iou": 0.9283592122067621
    },
    "22": {
        "accuracy": 0.9408933855037169,
        "precision": 0.936046511627907,
        "recall": 0.9901800327332242,
        "f1_score": 0.9623526040971986,
        "iou": 0.9274370155961381
    },
    "23": {
        "accuracy": 0.9155031236055332,
        "precision": 0.9269650328750747,
        "recall": 0.9243243243243243,
        "f1_score": 0.9256427952253846,
        "iou": 0.8615782452164696
    },
    "24": {
        "accuracy": 0.9786698198414395,
        "precision": 0.9976470588235294,
        "recall": 0.9742711850802914,
        "f1_score": 0.9858205686739161,
        "iou": 0.9720376278829798
    },
    "25": {
        "accuracy": 0.6016887448091379,
        "precision": 0,
        "recall": 0.0,
        "f1_score": 0,
        "iou": 0.0
    },
    "26": {
        "accuracy": 0.5262959608956518,
        "precision": 0,
        "recall": 0.0,
        "f1_score": 0,
        "iou": 0.0
    },
    "27": {
        "accuracy": 0.8452717186370974,
        "precision": 0.7463686311497474,
        "recall": 0.9682466635987115,
        "f1_score": 0.8429516978401838,
        "iou": 0.728536307660345
    },
    "28": {
        "accuracy": 0.9337412983626372,
        "precision": 0.9509892205738566,
        "recall": 0.9761799735333039,
        "f1_score": 0.9634199581530093,
        "iou": 0.9294216744096058
    },
    "29": {
        "accuracy": 0.7509869335557409,
        "precision": 0.7258198128391935,
        "recall": 0.9891696750902527,
        "f1_score": 0.83727504278411,
        "iou": 0.7200972487843902
    },
    "30": {
        "accuracy": 0.18656013001083424,
        "precision": 0,
        "recall": 0.0,
        "f1_score": 0,
        "iou": 0.0
    },
    "31": {
        "accuracy": 0.3963001383125864,
        "precision": 0,
        "recall": 0.0,
        "f1_score": 0,
        "iou": 0.0
    },
    "32": {
        "accuracy": 0.9339658233466489,
        "precision": 0.9315065463552725,
        "recall": 0.936539701598737,
        "f1_score": 0.9340163434565191,
        "iou": 0.8762013729977117
    },
    "33": {
        "accuracy": 0.6419189982430153,
        "precision": 0.991747936984246,
        "recall": 0.4612453032742888,
        "f1_score": 0.6296506622213266,
        "iou": 0.4594818597438708
    },
    "34": {
        "accuracy": 0.9646045503791982,
        "precision": 0.992430613961312,
        "recall": 0.9679715302491103,
        "f1_score": 0.9800484894379744,
        "iou": 0.9608775312249273
    },
    "35": {
        "accuracy": 0.22078048780487805,
        "precision": 0,
        "recall": 0.0,
        "f1_score": 0,
        "iou": 0.0
    },
    "36": {
        "accuracy": 0.2667811244230458,
        "precision": 0,
        "recall": 0.0,
        "f1_score": 0,
        "iou": 0.0
    },
    "37": {
        "accuracy": 0.5700128534704371,
        "precision": 0,
        "recall": 0.0,
        "f1_score": 0,
        "iou": 0.0
    },
    "38": {
        "accuracy": 0.5859196787148594,
        "precision": 1.0,
        "recall": 0.3742238946378175,
        "f1_score": 0.5446330777656079,
        "iou": 0.3742238946378175
    },
    "39": {
        "accuracy": 0.4960486649440138,
        "precision": 1.0,
        "recall": 0.3510204647551439,
        "f1_score": 0.5196375242454409,
        "iou": 0.3510204647551439
    },
    "40": {
        "accuracy": 0.7779092875679263,
        "precision": 1.0,
        "recall": 0.5757464653177203,
        "f1_score": 0.7307602815426676,
        "iou": 0.5757464653177203
    },
    "41": {
        "accuracy": 0.6896893229166666,
        "precision": 0.9922680301998621,
        "recall": 0.4390039186374718,
        "f1_score": 0.6087027052410042,
        "iou": 0.43750728728790156
    },